{
  "semantic_center": "phoenix::identity",
  "theta_s": 0.1,
  "tau_coag": 3,
  "D": 16,
  "seed": 42,
  "germinal_episodes": 8,
  "perturbation_episodes": 8,
  "coagulation_observed": true,
  "coagulation_was_synthetic": false,
  "coagulation_at_episode": 3,
  "coagulation_at_cycle": 3,
  "S_t_at_coagulation": 0.10227263408038409,
  "kappa_at_coagulation": 0.45762860150420276,
  "AR_at_coagulation": 0.6768090295332438,
  "sine_type": "integrative",
  "omega_id": "a91dd7187d0d632e",
  "duration_above_threshold": 3,
  "omega_remained_1": true,
  "omega_id_immutable": true,
  "coagulation_episode_immutable": true,
  "S_t_at_coagulation_immutable": true,
  "runtime_log_last_disputed_zone_intact": true,
  "source_episodes_complete": true,
  "source_events_complete": true,
  "persist_load_roundtrip_ok": true,
  "trajectory": [
    {
      "phase": "germinal",
      "episode_id": 1,
      "cycle": 1,
      "S_t": 0.17831956618124506,
      "AR": 0.681405425021583,
      "kappa": 0.520785104476004,
      "alpha": 0.5591957767416065,
      "rho": 0.33359668948333837,
      "Z_norm": 0.33359668948333837,
      "delta_X_norm": 1.0012492197250393,
      "omega": 0,
      "newly_coagulated": false,
      "omega_id": null,
      "zone_seen": "COMMITTED"
    },
    {
      "phase": "germinal",
      "episode_id": 2,
      "cycle": 2,
      "S_t": 0.13398224933341815,
      "AR": 0.6823814073749087,
      "kappa": 0.49028176230572845,
      "alpha": 0.5589654722236864,
      "rho": 0.6305237405817664,
      "Z_norm": 0.6600300130724631,
      "delta_X_norm": 1.0012492197250393,
      "omega": 0,
      "newly_coagulated": false,
      "omega_id": null,
      "zone_seen": "COMMITTED"
    },
    {
      "phase": "germinal",
      "episode_id": 3,
      "cycle": 3,
      "S_t": 0.10227263408038409,
      "AR": 0.6768090295332438,
      "kappa": 0.45762860150420276,
      "alpha": 0.552372792810195,
      "rho": 0.9030972213601233,
      "Z_norm": 0.9807819308084252,
      "delta_X_norm": 1.0012492197250393,
      "omega": 1,
      "newly_coagulated": true,
      "omega_id": "a91dd7187d0d632e",
      "zone_seen": "COMMITTED"
    },
    {
      "phase": "germinal",
      "episode_id": 4,
      "cycle": 4,
      "S_t": 0.07847469461407644,
      "AR": 0.6662759824594771,
      "kappa": 0.42256876253418857,
      "alpha": 0.5409877826325181,
      "rho": 1.1591640292949028,
      "Z_norm": 1.2944932271630698,
      "delta_X_norm": 1.0012492197250393,
      "omega": 1,
      "newly_coagulated": false,
      "omega_id": "a91dd7187d0d632e",
      "zone_seen": "COMMITTED"
    },
    {
      "phase": "germinal",
      "episode_id": 5,
      "cycle": 5,
      "S_t": 0.0607154148882265,
      "AR": 0.6517561327606833,
      "kappa": 0.3892793159504926,
      "alpha": 0.5257173417281755,
      "rho": 1.4041623675766701,
      "Z_norm": 1.5988959986152254,
      "delta_X_norm": 1.0012492197250393,
      "omega": 1,
      "newly_coagulated": false,
      "omega_id": "a91dd7187d0d632e",
      "zone_seen": "COMMITTED"
    },
    {
      "phase": "germinal",
      "episode_id": 6,
      "cycle": 6,
      "S_t": 0.04736966435446006,
      "AR": 0.6338228466237332,
      "kappa": 0.3593153107543838,
      "alpha": 0.5071177853206075,
      "rho": 1.6422899687276806,
      "Z_norm": 1.8931451009099434,
      "delta_X_norm": 1.0012492197250393,
      "omega": 1,
      "newly_coagulated": false,
      "omega_id": "a91dd7187d0d632e",
      "zone_seen": "COMMITTED"
    },
    {
      "phase": "germinal",
      "episode_id": 7,
      "cycle": 7,
      "S_t": 0.0371523072909339,
      "AR": 0.612821645483785,
      "kappa": 0.3324440862156436,
      "alpha": 0.48555101866045614,
      "rho": 1.876803203079295,
      "Z_norm": 2.177588644714432,
      "delta_X_norm": 1.0012492197250393,
      "omega": 1,
      "newly_coagulated": false,
      "omega_id": "a91dd7187d0d632e",
      "zone_seen": "COMMITTED"
    },
    {
      "phase": "germinal",
      "episode_id": 8,
      "cycle": 8,
      "S_t": 0.02921889622528331,
      "AR": 0.5889843060391614,
      "kappa": 0.30848333197947714,
      "alpha": 0.46126531953590044,
      "rho": 2.1102048444437296,
      "Z_norm": 2.453126696421509,
      "delta_X_norm": 1.0012492197250393,
      "omega": 1,
      "newly_coagulated": false,
      "omega_id": "a91dd7187d0d632e",
      "zone_seen": "COMMITTED"
    },
    {
      "phase": "perturbation",
      "episode_id": 100,
      "cycle": 9,
      "S_t": 0.02648205123235877,
      "AR": 0.5621869887996469,
      "kappa": 0.2940771761441764,
      "alpha": 0.43399760720569885,
      "rho": 2.327815097411143,
      "Z_norm": 2.3278882362899402,
      "delta_X_norm": 0.9708243919473799,
      "omega": 1,
      "newly_coagulated": false,
      "omega_id": "a91dd7187d0d632e",
      "zone_seen": "DISPUTED"
    },
    {
      "phase": "perturbation",
      "episode_id": 101,
      "cycle": 10,
      "S_t": 0.022898252467146083,
      "AR": 0.5332613803797671,
      "kappa": 0.2772641697897858,
      "alpha": 0.4047263318915422,
      "rho": 2.551391770807719,
      "Z_norm": 2.2465534254076585,
      "delta_X_norm": 0.97082439194738,
      "omega": 1,
      "newly_coagulated": false,
      "omega_id": "a91dd7187d0d632e",
      "zone_seen": "DISPUTED"
    },
    {
      "phase": "perturbation",
      "episode_id": 102,
      "cycle": 11,
      "S_t": 0.018824582302790833,
      "AR": 0.5024049058012606,
      "kappa": 0.24766144188464576,
      "alpha": 0.3737750966930659,
      "rho": 2.7822651963531846,
      "Z_norm": 2.1047091934355895,
      "delta_X_norm": 0.97082439194738,
      "omega": 1,
      "newly_coagulated": false,
      "omega_id": "a91dd7187d0d632e",
      "zone_seen": "DISPUTED"
    },
    {
      "phase": "perturbation",
      "episode_id": 103,
      "cycle": 12,
      "S_t": 0.014640646431318299,
      "AR": 0.4698379206126788,
      "kappa": 0.21574328179165805,
      "alpha": 0.3412417444719861,
      "rho": 3.0189762261699395,
      "Z_norm": 2.0416897001461396,
      "delta_X_norm": 0.97082439194738,
      "omega": 1,
      "newly_coagulated": false,
      "omega_id": "a91dd7187d0d632e",
      "zone_seen": "DISPUTED"
    },
    {
      "phase": "perturbation",
      "episode_id": 104,
      "cycle": 13,
      "S_t": 0.010851839440042022,
      "AR": 0.43578645572163577,
      "kappa": 0.18540258388339562,
      "alpha": 0.30724373408937206,
      "rho": 3.2596775864562355,
      "Z_norm": 2.0425091503081556,
      "delta_X_norm": 0.9708243919473799,
      "omega": 1,
      "newly_coagulated": false,
      "omega_id": "a91dd7187d0d632e",
      "zone_seen": "DISPUTED"
    },
    {
      "phase": "perturbation",
      "episode_id": 105,
      "cycle": 14,
      "S_t": 0.007769417839700799,
      "AR": 0.4000650593053415,
      "kappa": 0.15832630617971624,
      "alpha": 0.27166238244339147,
      "rho": 3.507756475826989,
      "Z_norm": 2.0678934331417493,
      "delta_X_norm": 0.9708243919473799,
      "omega": 1,
      "newly_coagulated": false,
      "omega_id": "a91dd7187d0d632e",
      "zone_seen": "DISPUTED"
    },
    {
      "phase": "perturbation",
      "episode_id": 106,
      "cycle": 15,
      "S_t": 0.005030998477557777,
      "AR": 0.3626080970761149,
      "kappa": 0.1245854792860054,
      "alpha": 0.23452016155991257,
      "rho": 3.7628708024666744,
      "Z_norm": 2.0619759506375153,
      "delta_X_norm": 0.9708243919473798,
      "omega": 1,
      "newly_coagulated": false,
      "omega_id": "a91dd7187d0d632e",
      "zone_seen": "DISPUTED"
    },
    {
      "phase": "perturbation",
      "episode_id": 107,
      "cycle": 16,
      "S_t": 0.0029007066924926165,
      "AR": 0.3234698774411942,
      "kappa": 0.09271927330737692,
      "alpha": 0.19580518736250824,
      "rho": 4.025385033523564,
      "Z_norm": 2.159240484257724,
      "delta_X_norm": 0.9708243919473798,
      "omega": 1,
      "newly_coagulated": false,
      "omega_id": "a91dd7187d0d632e",